model_id,source_group,crate_name,posterior_db_revision,stan_sha256,kernel_lib_rs_sha256,model_license,data_license,data_json_canonical_sha256
GLMM_data-GLMM1_model,firstpass_original,glmm_data_glmm1_model_density_kernel,5545a1dd07ae297c36edecbcd82aa49097b4c385,c477cfd297db4b9a54fee522211f2c50af98519ccb967d4313727fb484358934,d446c71b2db5dd9d7fc8ea51d80650c5b54b78f8dd97b6ab09b866dda1fff494,BSD3,not specified in PosteriorDB data metadata,78c00bdb11b8bc9641d8119e5c6054907c36c95735ee700c25376e6818d3905f
GLM_Binomial_data-GLM_Binomial_model,firstpass_original,glm_binomial_density_kernel,5545a1dd07ae297c36edecbcd82aa49097b4c385,1cd08265b53a2faea2087055fd5c24eff965c6581c6ce78479a0925ddd3a1144,8036194a97b5d85587a0878cdb9b73fc00a4506494dabbc6fe15a8f0a1e5034e,BSD3,not specified in PosteriorDB data metadata,b738b4c85a7179ac6c0680aee4f224c56b096d8af0aea79181489b1910ce4178
GLM_Poisson_Data-GLM_Poisson_model,firstpass_original,nutpier_glm_poisson,5545a1dd07ae297c36edecbcd82aa49097b4c385,84186ad779e2add1b934a00e211d9e642ae29cba0e02caf3fedb5c1b29e54f85,ea70c9e7b21c7af5e14f656bdae282a5bb45a9a26d53123f11657c17af1a6331,BSD3,not specified in PosteriorDB data metadata,7e3d47a4da23629293b359e21cde6e62099d580f643f4391435f62e80bf050f9
M0_data-M0_model,firstpass_original,m0_data_m0_model_density_kernel,5545a1dd07ae297c36edecbcd82aa49097b4c385,56f27cc21218cfe634e3d02596617dac693c9f08c724a85bbebbf1fe86bb901c,4b7273038eef322024133d30c5d6346069ecd8f849ae01d7fd9cb3fc88fb3a6b,BSD3,not specified in PosteriorDB data metadata,3ecfdaeaa2bf34bd0702e42eb5a1b18cff2d9f452bcbf48d286f6e8522a7785e
Mb_data-Mb_model,firstpass_original,mb_data_mb_model_density_kernel,5545a1dd07ae297c36edecbcd82aa49097b4c385,fd8975a0bd29c338066cee715a3aeda704382daef4f4db30ffc4deb9f018b43f,9bb1035c9f7eb225de4672e619d18ee39c309613f5d613692792549d75e5ed96,BSD3,not specified in PosteriorDB data metadata,69d73eec46b7655c577ebf642ce73b0c2a8d1cb336609afb555c7b131a1248ec
Mh_data-Mh_model,phase02,mh_density_kernel,5545a1dd07ae297c36edecbcd82aa49097b4c385,69dda71b0ec6857c4c5a0e81c014979f57da97c5260b6e3456305a13050b7ad5,39cc6f1eba91ccf5e9a256de5b2ffb75ebab97c1a0ee0bdcc689be3d8c44bc56,BSD3,not specified in PosteriorDB data metadata,8765e4c33ca908c5b5f34a5a28ba624671b017933853472796ddfde40217b025
Mt_data-Mt_model,firstpass_original,mt_data_mt_model_density_kernel,5545a1dd07ae297c36edecbcd82aa49097b4c385,3391120504996a0369e58658d1872f190d2932e5c7d192f63c3db2057e8d324c,74cc011e4c780d4e50a4e36fbfb75d6fea3392f5070b830f7e1b0cb11878b802,BSD3,not specified in PosteriorDB data metadata,8ce4b30d245cfe97db34d012809e1dbad17b5fbd3841f48393712a2bd1da0bc3
Mtbh_data-Mtbh_model,firstpass_original,mtbh_data_mtbh_model_density_kernel,5545a1dd07ae297c36edecbcd82aa49097b4c385,97c151a4cccca051c09de3dc1e66fe42980be9c850503db089e2bb8e7a16b451,dfe4c51fd1371a1ff01a35957e60d5efefd10c5f60ed2b3aa856c00e0cd1dd28,BSD3,not specified in PosteriorDB data metadata,b19254e47bb72917ecbb72137c4fb07753c50aad6b0a5f774fbcc6bed216a103
Mth_data-Mth_model,followup_new,mth_data_mth_model_density_kernel,5545a1dd07ae297c36edecbcd82aa49097b4c385,2e84d69443c0961fe478423206d7ce37ed0688640ce4f48e4725f7be74fc1e92,d1ae77b44d15cd38333c50666dc5097393e29f5309e1c1b0f389cf7056c4f292,BSD3,not specified in PosteriorDB data metadata,72750e8acf159bda0d06d99196ceadec3eab324d1757fd274d1f16e7eb297967
Rate_1_data-Rate_1_model,followup_new,rate_1_data_rate_1_model_density_kernel_followup01,5545a1dd07ae297c36edecbcd82aa49097b4c385,ae95dcc6c2e2953e202fb257181ee24e1cb1f7780819e95d94663dde4fddc795,30bec1d803e2b67fb6870f774b4c7a5d183276437cd7b7497c91fb27141487aa,BSD3,not specified in PosteriorDB data metadata,633a6c4b57e4e3cf5741facde0a02a657a8b643896ce8d5e49c9f505921d6a7c
Rate_2_data-Rate_2_model,firstpass_original,rate_2_data_rate_2_model_density_kernel,5545a1dd07ae297c36edecbcd82aa49097b4c385,2556299694d2e3420d6d100b5439376bed7f78454816d89cd189d09df0b5877d,ecea677a68b6d6d8d7693b83a2aa76b158d1a1bee5b9b43341f90909d1c6b392,BSD3,not specified in PosteriorDB data metadata,7590beeeb2ee62dde9095825f70955c50293d89df52ead1febb7b85c42047c45
Rate_3_data-Rate_3_model,firstpass_original,rate_3_data_rate_3_model_density_kernel,5545a1dd07ae297c36edecbcd82aa49097b4c385,416ea0e377796973a67eddfa956d93e4e5f2204d96889b7b55432275b5e4e0d2,b4408d183a41b72e6b91121260e1e51f47a465d1e7328075f19af3aaee1f77ea,BSD3,not specified in PosteriorDB data metadata,7590beeeb2ee62dde9095825f70955c50293d89df52ead1febb7b85c42047c45
Rate_4_data-Rate_4_model,firstpass_original,rate_4_data_rate_4_model_density_kernel,5545a1dd07ae297c36edecbcd82aa49097b4c385,7aaf395c9ce53028fceaf8719538c3e8c98eba9884e1b3b843b33d636487d88c,b9e5e000e91aee0e7d4045b763ee11f1c045c258a8516510285d6e8c3d5f8ee5,BSD3,not specified in PosteriorDB data metadata,09a7dc845ee73e6e27fe12198e4d817909f45df9672af4eddfd7f3a2ca2c179b
Rate_5_data-Rate_5_model,firstpass_original,rate_5_data_rate_5_model_density_kernel,5545a1dd07ae297c36edecbcd82aa49097b4c385,b86503076ff82e0c5a4e183d6274aa1f3f08b867a5de854adfada0d368f5c544,f249275a55f3c73b2bb6568c7d9f32b268221699e4c86b03e72b857ab85cb92f,BSD3,not specified in PosteriorDB data metadata,770469ce34f959c87dfd3f85f144889a5fd292935352c077c4283693787b73c0
Survey_data-Survey_model,followup_replacement,survey_data_survey_model_density_kernel,5545a1dd07ae297c36edecbcd82aa49097b4c385,6253492299891332a7746d44976a161a2a557816ef177d68ddedaa703a144f87,b39b9bfe3c84eeda2a3298ac0523e37e819b6936b6c85cded8ce2ed85f919a58,BSD3,not specified in PosteriorDB data metadata,b0c578144bd916cc3d411fd5c1ab77900b04c8bb31adc8a4fc8678d007f62f98
arK-arK,firstpass_original,nutpier_density_kernel_template,5545a1dd07ae297c36edecbcd82aa49097b4c385,fd5c71a891f648de3b9b65e2a65885c974fd9478b0a137b6b229f76ff4e01de6,12b80a4695385bc903cd328ca92559211b4c8862c0e358dbe32e01462a32f870,BSD3,not specified in PosteriorDB data metadata,169cc6a87c9cd87600a569a13f1a5d82cb12dd9c750a203fac5bc3c406829c62
arma-arma11,firstpass_original,arma_arma11_density_kernel,5545a1dd07ae297c36edecbcd82aa49097b4c385,aa713e50a5154ab9efda30f2b5fe320d6a77510434ff73cef6708cbf72d1fae8,0aca1242697fb410f9b345b3873e8f3add12719699b66f4dc4e818e6f255759f,BSD3,not specified in PosteriorDB data metadata,1fda9f7ee24381f2ca2d072aca6ee2e7e807aeccfdbb23d0361ba5b106cf9450
bball_drive_event_0-hmm_drive_0,phase02,bball_drive_event_0_hmm_drive_0_density_kernel,5545a1dd07ae297c36edecbcd82aa49097b4c385,febb25a020c125d594c0c39058e68847fbfe49c20f80ec3c6ea0851a3b8f75e1,d57d5f03128e986963e26a72227e6e003721216753cfa3313454beda8da72b5e,BSD3,not specified in PosteriorDB data metadata,8ad803c4244f2b2dfb8f77f229db7ff35001ec354ad236b13ad8ab724dab6568
bball_drive_event_1-hmm_drive_1,followup_new,nutpier_density_kernel_template,5545a1dd07ae297c36edecbcd82aa49097b4c385,295e47fe6cf70adb9c16af0697fb6f3803aad993c3ee800a34e9b437883abb75,a366c03f35e3d4e913d305b3d732105be7f24e0c72133bb8ab4dd63a77ee2a36,BSD3,not specified in PosteriorDB data metadata,59bad983fdaad343ce6e6a0acd7c877bfb2a6966c59351d16ce160c47b9db98e
bones_data-bones_model,firstpass_original,bones_data_bones_model_density_kernel,5545a1dd07ae297c36edecbcd82aa49097b4c385,0d478060e879cf4c26f5a5d8eafb2de3e166a1d9e581999c26c00d3a002cf2c4,bd2db2471c26992311bb992f165aa6cab5e6c71bdce03f880a25db49af7f6bdf,BSD3,not specified in PosteriorDB data metadata,734832e1c7a5ddd316fee12ce5411ccd739a4efc33d761fd84b4a779713faef3
butterfly-multi_occupancy,followup_new,butterfly_multi_occupancy_density_kernel,5545a1dd07ae297c36edecbcd82aa49097b4c385,2da8b97338d43107b8c9d97500ca3b9f526891ad6ace2eb11715c06c2c45b052,7be7265f15758d5c12be4f10e01db4db0b78f998dd531f750c2490b3c2cd5099,BSD3,not specified in PosteriorDB data metadata,0cefcd9cc6c8525e1187c78503a6aec9bfebe4f093c3746d60a0a44e2a17e55c
diamonds-diamonds,followup_new,nutpier_density_kernel_diamonds,5545a1dd07ae297c36edecbcd82aa49097b4c385,b499b08e74598f65a5db338ea31cb9db868d1d56a6f580ddf28280dbe7425657,91f40720f1ba21359cf7f69f83be71163e18964386b82b58e6a24df9e3eee5a2,BSD3,not specified in PosteriorDB data metadata,58b93ae5d39fda24723f3d4c78751d7232c5e83abd4c078f39154b9df824f3ba
dogs-dogs,firstpass_original,dogs_dogs_density_kernel,5545a1dd07ae297c36edecbcd82aa49097b4c385,bc4c096706d2bb0558cdd88f171ccafda252d7a62b3cd7d1210642c3508b613a,fff0aeb5860f99ce8ad139dba5786c457a10cab76782af613d28cf1c30e02d7b,BSD3,not specified in PosteriorDB data metadata,13ebb62bda64fdaff04da07202b032753f0737f0e50c4fa28275c2d216849e1a
dogs-dogs_hierarchical,firstpass_original,dogs_dogs_hierarchical_density_kernel,5545a1dd07ae297c36edecbcd82aa49097b4c385,779b2a41c4a7affab0704780336aa92def39e1c91b655c845eaa8dd4bc873d80,0f604ac6ea6ac9df1bde6c217d6ea2df504921205338f52958749d80e75e5000,BSD3,not specified in PosteriorDB data metadata,13ebb62bda64fdaff04da07202b032753f0737f0e50c4fa28275c2d216849e1a
dogs-dogs_nonhierarchical,phase02,dogs_dogs_nonhierarchical_density_kernel,5545a1dd07ae297c36edecbcd82aa49097b4c385,69dc8063e69d0451f54c5223edbb34e316742f5001a630f251bbab2be074109d,fa3f42057398664cc4b510f05e5361d136276e524a752ccfc43f78fbaa31d8f4,BSD3,not specified in PosteriorDB data metadata,13ebb62bda64fdaff04da07202b032753f0737f0e50c4fa28275c2d216849e1a
dugongs_data-dugongs_model,firstpass_original,dugongs_data_dugongs_model_density_kernel,5545a1dd07ae297c36edecbcd82aa49097b4c385,abdf86f018dc0b6e9213222648f3fafc14eae13629769e40cca7490877b05e6b,d5afd21b7edb8fd91691f9141235728bd98e1ab0a7dcbea4ea11ce95f07be4ad,BSD3,not specified in PosteriorDB data metadata,43228878b37b97b4374eba130d1b10a6b0ffdd147722a7dd97be0491d7bcecd8
earnings-earn_height,firstpass_original,earnings_earn_height_density_kernel,5545a1dd07ae297c36edecbcd82aa49097b4c385,cabef66313b5b1568716951892387134a46d92865a84710445970cc69bda163a,38a7321e2ddb0ba8d17ed0edc887fb29fc77786c9015336da5914042dbcd33f0,BSD3,not specified in PosteriorDB data metadata,e232213c3cd159f87cc624f432cfb7d87e5917e4814765f72bf17343f8885bb8
earnings-log10earn_height,firstpass_original,earnings_log10earn_height_density_kernel,5545a1dd07ae297c36edecbcd82aa49097b4c385,69df8e51be53f4e4ac8a2756927a3b7dc2ca61cbaf4c6a65d790298287a049c2,772a78b07f9dd2296db4bcf2b918ee36313d74da2f387a02d7e77589aa07bc33,BSD3,not specified in PosteriorDB data metadata,e232213c3cd159f87cc624f432cfb7d87e5917e4814765f72bf17343f8885bb8
earnings-logearn_height,firstpass_original,earnings_logearn_height_density_kernel,5545a1dd07ae297c36edecbcd82aa49097b4c385,2eca5eaba6ba31d6964eec624e819d84f7ba0a06a0289920b2276d933a31d64e,450e2911a21a05838374cc286468a4fe429b1a2a0a9554e2098460a909c105d8,BSD3,not specified in PosteriorDB data metadata,e232213c3cd159f87cc624f432cfb7d87e5917e4814765f72bf17343f8885bb8
earnings-logearn_height_male,firstpass_original,nutpier_density_kernel_template,5545a1dd07ae297c36edecbcd82aa49097b4c385,ec123759efa70e17517de7512ab5e33f23bfd6c03b2d94515df6aec8ea490c47,b598fd643675a7ecc8503e6b33ff3fb7e4fa9a5c4a43c828bd6c44b54adbedd8,BSD3,not specified in PosteriorDB data metadata,e232213c3cd159f87cc624f432cfb7d87e5917e4814765f72bf17343f8885bb8
earnings-logearn_interaction,firstpass_original,earnings_logearn_interaction_density_kernel,5545a1dd07ae297c36edecbcd82aa49097b4c385,44c458ff3828043954961741018ee98c56bc14716d6e93dc046c31499e40c7fb,d1fb31fa26b03112816cb6fbe1ec38029770e80ffd42c65a0cb254f96cffcbba,BSD3,not specified in PosteriorDB data metadata,e232213c3cd159f87cc624f432cfb7d87e5917e4814765f72bf17343f8885bb8
earnings-logearn_interaction_z,firstpass_original,earnings_logearn_interaction_z_density_kernel,5545a1dd07ae297c36edecbcd82aa49097b4c385,37e04ae7ae7e92d3d4fffc6720298a56d0a13d87f376ae34b19d3ba731551749,999debead1e6b7f1a07501367fa4fc65ae616aa5e9390cbccaaec3ed49352ac8,BSD3,not specified in PosteriorDB data metadata,e232213c3cd159f87cc624f432cfb7d87e5917e4814765f72bf17343f8885bb8
earnings-logearn_logheight_male,firstpass_original,earnings_logearn_logheight_male_density_kernel,5545a1dd07ae297c36edecbcd82aa49097b4c385,8855b00850ebc51d2ce10d58f0b8d212153e21f0b7c8bd5601e367282c798255,487819f5aabbd6b1598e340c151a8d5396a8e02b1631d6b900124b74dec39073,BSD3,not specified in PosteriorDB data metadata,e232213c3cd159f87cc624f432cfb7d87e5917e4814765f72bf17343f8885bb8
eight_schools-eight_schools_noncentered,firstpass_original,eight-schools-eight-schools-noncentered-density_kernel,5545a1dd07ae297c36edecbcd82aa49097b4c385,b28d5326b1936cce0014c98c2591d1ba5c1d21987ea5a5d0d9c074c6d6ce9253,96039a98c47eeecd27fbbd1ff1cf531cf4a627b72e8ae357880084a632df3cf3,BSD3,not specified in PosteriorDB data metadata,1e499935e248ad07890e12fae3fd68ab6095148d6860c82f28f99d12225f79af
fims_Aus_Jpn_irt-2pl_latent_reg_irt,followup_new,nutpier_density_kernel_template,5545a1dd07ae297c36edecbcd82aa49097b4c385,96c8f931ea6ff2569863cf1afa8b255aefe441516ab06705519b16ef1dc461b8,0c45ef6e5a3e5ebed1816e03a87ff5f093fde0283becc0e2e971d133ce920f35,BSD3,not specified in PosteriorDB data metadata,9591c4cc536e662ad7f42fad0d297687cee424ea4013339592048eff798ce5af
garch-garch11,firstpass_original,garch_garch11_density_kernel,5545a1dd07ae297c36edecbcd82aa49097b4c385,bbfe1929a9dbf6f5a4066f6099d90fc8c3e1bf1c65e1072b47af19534c60a679,41a45636253c4a3386230b8e7645d82670eade7bad164119c35d9acab9e2aff7,BSD3,not specified in PosteriorDB data metadata,95e103db00c486929fb6e81ef49720b943dce276720532d1f31d99e4c17846e8
gp_pois_regr-gp_regr,firstpass_original,gp_pois_regr_gp_regr_density_kernel,5545a1dd07ae297c36edecbcd82aa49097b4c385,bfbba64339a06d6ca5e0619aa0e3bffee2865504ee00768dd999066182db9873,2e69109b355b6417b6632acd15405d08a7bcc88802bb438df3d397499c5c8c7f,BSD3,not specified in PosteriorDB data metadata,2f62e69f65c8791b960e654d3fb0b16fbae831063f9a88e448de09b84f3d2c71
hmm_example-hmm_example,firstpass_original,nutpier_density_kernel_template,5545a1dd07ae297c36edecbcd82aa49097b4c385,8ebe19f3469e97153177d69c9dea248207278cc6f3d1d16885f83a791b11c476,5ac8ad741b3e9633cd0b0144c2f3fe10f664512097490b119c4430299edf69d4,BSD3,not specified in PosteriorDB data metadata,d9a017e42014961b63d2443e3361365c4a553ebf7036768f25f05e9e21e8ab08
irt_2pl-irt_2pl,firstpass_original,nutpier_density_kernel_template,5545a1dd07ae297c36edecbcd82aa49097b4c385,27947f5afa47a63c8587213c7d5598e701aa11209dff0b117d635578d028c922,cc29ecdaefb5af02e22faf3769d2354cd836c6387137591eb651d977e709a7f3,BSD3,not specified in PosteriorDB data metadata,bdf4d6b916c6d8a2d80531b3a59bce1e93061ad7e327333a68a62e8e4fe32261
kidiq-kidscore_interaction,firstpass_original,kidiq_kidscore_interaction_density_kernel,5545a1dd07ae297c36edecbcd82aa49097b4c385,da69847f12b07ca3e1e77a7e9aa349497dbbe2f0251b94b46c24c51b5309ad91,77dce1434c2a88dac9607f31a58a6539097014d78359702a0c3629e4b8e9be80,BSD3,not specified in PosteriorDB data metadata,2144983540912848c5b82cc0adaf1048212db5602000975af8c44909eb9a501c
kidiq-kidscore_momhs,firstpass_original,kidiq_kidscore_momhs_density_kernel,5545a1dd07ae297c36edecbcd82aa49097b4c385,555e35e50b5628fb981b5f0dafcf899feee4be0e4fcbbc5255f3d7df4128f15b,5930b6e645ec2a680c4b896f71802ad470db30f8a7a087d7a3db53b122e4155d,BSD3,not specified in PosteriorDB data metadata,2144983540912848c5b82cc0adaf1048212db5602000975af8c44909eb9a501c
kidiq-kidscore_momhsiq,firstpass_original,nutpier_density_kernel_template,5545a1dd07ae297c36edecbcd82aa49097b4c385,de5689ba783aca3612123239b62e8e7da2b5a61785ac001bb4f7a6a601c99467,c209d4776f1bee0ba69593af174467a4a415faec8812b4552461d7ca1e5391e9,BSD3,not specified in PosteriorDB data metadata,2144983540912848c5b82cc0adaf1048212db5602000975af8c44909eb9a501c
kidiq-kidscore_momiq,firstpass_original,kidiq_kidscore_momiq_density_kernel,5545a1dd07ae297c36edecbcd82aa49097b4c385,4a09d0baf54d23c5a9f2aebaaf212c4017b839ba5b9f04910ec98cb698593a2f,5a9f4ea7cbec39cbb2eb251819daa8190d05fd0a7005560de6b3462cdd6bca0c,BSD3,not specified in PosteriorDB data metadata,2144983540912848c5b82cc0adaf1048212db5602000975af8c44909eb9a501c
kidiq_with_mom_work-kidscore_interaction_c,firstpass_original,kidiq_with_mom_work_kidscore_interaction_c_density_kernel,5545a1dd07ae297c36edecbcd82aa49097b4c385,ab4821a0785f15ebcdea112d6436db3c2433f26aca8d10798f2824f752406727,c6409790f003ff9908cc58305cf39671842ad083da476e6d6e05b5f58adf46b6,BSD3,not specified in PosteriorDB data metadata,3e1a8d0d677b7b7a1b07d77d428eec003821de4405aaafa9a77486afef36e98c
kidiq_with_mom_work-kidscore_interaction_c2,firstpass_original,kidiq_with_mom_work_kidscore_interaction_c2_density_kernel,5545a1dd07ae297c36edecbcd82aa49097b4c385,f0e2de7b978b8ee263d3aa5fccdc4170e2f4d0678af5d6b8a0090162d084e9be,c07a4390023294b07b239a0590a76a81120c35315e9069076e2cf1e2ece7e3e9,BSD3,not specified in PosteriorDB data metadata,3e1a8d0d677b7b7a1b07d77d428eec003821de4405aaafa9a77486afef36e98c
kidiq_with_mom_work-kidscore_interaction_z,followup_new,kidiq_with_mom_work_kidscore_interaction_z_density_kernel,5545a1dd07ae297c36edecbcd82aa49097b4c385,af2ebd6cd04a66deaf879899b548cb6401c7d250dd6cae7f55c726a8e7f734d6,842b17f9504010e6938ed1f4305136e7181d2e010fdc5a18b36d41ff7404aaac,BSD3,not specified in PosteriorDB data metadata,3e1a8d0d677b7b7a1b07d77d428eec003821de4405aaafa9a77486afef36e98c
kidiq_with_mom_work-kidscore_mom_work,firstpass_original,kidiq_with_mom_work_kidscore_mom_work_density_kernel,5545a1dd07ae297c36edecbcd82aa49097b4c385,fe41ba28792cddf91df4f46e5b48c2bcf33c0f1a193148fc36b4a52483640d27,05de49a3cc0eb4b892a003617ec53fe222891680681bf9ab1d414ec09e2fe7c3,BSD3,not specified in PosteriorDB data metadata,3e1a8d0d677b7b7a1b07d77d428eec003821de4405aaafa9a77486afef36e98c
kilpisjarvi_mod-kilpisjarvi,firstpass_original,kilpisjarvi_mod_kilpisjarvi_density_kernel,5545a1dd07ae297c36edecbcd82aa49097b4c385,49c1f6d1d7a12595957549ffac0159496c7216037dd07e7ff345e088394aba0a,50bbef1c38b9fa90c16ea3a311fcb98259b2371ee96503b73691c327602b8e1c,BSD3,not specified in PosteriorDB data metadata,ef03bf01242a2f1fcabfa504514ecb6be8934384127bad05a9b7b5fd37367865
loss_curves-losscurve_sislob,phase02,nutpier_density_kernel_template,5545a1dd07ae297c36edecbcd82aa49097b4c385,b7e3d55e53d230a391b87e03fc9eec6007322a79ddec748ac1a4dee1741bc4b4,0d52a86dc022eb3f4da6466e34c50a47ba55bd952df6e8d8f852dd09f40c4099,BSD3,not specified in PosteriorDB data metadata,2fd83db64491f56c911e1213c085d7baf2e1cfe4e8420028cb3080d7f499610a
low_dim_gauss_mix-low_dim_gauss_mix,firstpass_original,low_dim_gauss_mix_density_kernel,5545a1dd07ae297c36edecbcd82aa49097b4c385,b94ee44ab73502a0053c4a52b7e9d582ca4f466994d7beef4a4e606ff8582344,7a103ef8ef0c7c0f6fc219ce4242cf9505011ac955578c0ede879f2e41fae3dc,BSD3,not specified in PosteriorDB data metadata,ea6e602faaaa55b6e210f0617e70398bd5599598cf7cf05727021aff2fbff61f
lsat_data-lsat_model,firstpass_original,lsat_density_kernel,5545a1dd07ae297c36edecbcd82aa49097b4c385,9f3d0abccfb55fcab634d81a19d74507409b836c549224b923b237ecf9f2c817,b0e7153885b8cc28e32f223147fba1d12414c5653b50accbc016f2c1db277774,BSD3,not specified in PosteriorDB data metadata,e0f11954b7fc55c26322619935b4e96c2dd692ceb1840f5f50a41b069cfd4495
mesquite-logmesquite,firstpass_original,nutpier_density_kernel_mesquite,5545a1dd07ae297c36edecbcd82aa49097b4c385,fdeda33c27e66799a4e3a3da6f74c16c6bbf58ab7bf568bce0d5999d120498d3,49444bf308cc7e6e38efd36d89f6523a62c078fdca5daf421fe43f0a244c8a9a,BSD3,not specified in PosteriorDB data metadata,bdebb2257a0304be4897837199222dcb9cb2375b76e29f8a4ead14f44c201cea
mesquite-logmesquite_logva,firstpass_original,mesquite_logmesquite_logva_density_kernel,5545a1dd07ae297c36edecbcd82aa49097b4c385,f21fbceb941f04848fe7a1385e5b5f331e08a259db0fa8655fc724e91f94f7fb,ff402b2dae4ecf6a097d502b715f4b1d5d094fa39c7a008e2ca894ba300227cc,BSD3,not specified in PosteriorDB data metadata,bdebb2257a0304be4897837199222dcb9cb2375b76e29f8a4ead14f44c201cea
mesquite-logmesquite_logvas,firstpass_original,nutpier_density_kernel_template,5545a1dd07ae297c36edecbcd82aa49097b4c385,e0fdd63267a96b0701b09bdddf7b54256ea0850569d380b158d5864f780bd311,4eefd1b76115611b9e9c25b322874cc05cd37f32d4d46e3e8a8b75debe002cfc,BSD3,not specified in PosteriorDB data metadata,bdebb2257a0304be4897837199222dcb9cb2375b76e29f8a4ead14f44c201cea
mesquite-logmesquite_logvash,firstpass_original,mesquite_logmesquite_logvash_density_kernel,5545a1dd07ae297c36edecbcd82aa49097b4c385,100f4d97f30927b394c0284e92d62686fa5d16cb0cefc62c7e950fc4b7595296,1aeb7d8c592a8805756e9d8c891fed31a280dfaee50f9ae1c52736b01152830a,BSD3,not specified in PosteriorDB data metadata,bdebb2257a0304be4897837199222dcb9cb2375b76e29f8a4ead14f44c201cea
mesquite-logmesquite_logvolume,firstpass_original,mesquite_logmesquite_logvolume_density_kernel,5545a1dd07ae297c36edecbcd82aa49097b4c385,14615192a3579e2b9bdfd474389da63fbd32a0a5e1cd392c897560b8886b8aad,d1c480a3d82f8585d14cb85ea674c0a6e4e93fa731952a5905d254f40972a24e,BSD3,not specified in PosteriorDB data metadata,bdebb2257a0304be4897837199222dcb9cb2375b76e29f8a4ead14f44c201cea
mesquite-mesquite,followup_new,mesquite_mesquite_density_kernel,5545a1dd07ae297c36edecbcd82aa49097b4c385,5233a18e3656e4239b9a5e1c4bddc31803d3ce69c2dbb46a80b50c67e5efa036,f33a9dc6d3da3565c15642e38679e107caca05a38bde0add901f03154f6292be,BSD3,not specified in PosteriorDB data metadata,bdebb2257a0304be4897837199222dcb9cb2375b76e29f8a4ead14f44c201cea
nes1972-nes,firstpass_original,nutpier_density_kernel_template,5545a1dd07ae297c36edecbcd82aa49097b4c385,260e7acec9bef905cae306ff6defb97e525c116f018aba9c687af154c10c8e70,d654b3415eae49e3fa2dc60143832fd51e7e06686a259393c245f459c1031d3a,BSD3,not specified in PosteriorDB data metadata,f6d9052aaed52fe70290c9b7d1bba8d3f0665ae25dc6063e9abfae156b41b270
nes1976-nes,firstpass_original,nutpier_density_kernel_template,5545a1dd07ae297c36edecbcd82aa49097b4c385,260e7acec9bef905cae306ff6defb97e525c116f018aba9c687af154c10c8e70,e9962ce657a215eff227cf08e7ca0e1964873c3aa8b5e79be32ea894e0167214,BSD3,not specified in PosteriorDB data metadata,6568b45340f6232327ff964ad2d73ab0724ea41301c0412b38c978f937e401f0
nes1980-nes,firstpass_original,nutpier_density_kernel_template,5545a1dd07ae297c36edecbcd82aa49097b4c385,260e7acec9bef905cae306ff6defb97e525c116f018aba9c687af154c10c8e70,1cc17875684ac4f77f82834e63a317fdc84f25613835fdad2f1e2a1937130a69,BSD3,not specified in PosteriorDB data metadata,c8bc9d5f6cc73354121cefb72a48b7aed10bc3f17a49510bb7d27b5b586afca9
nes1984-nes,firstpass_original,nes1984_nes_density_kernel,5545a1dd07ae297c36edecbcd82aa49097b4c385,260e7acec9bef905cae306ff6defb97e525c116f018aba9c687af154c10c8e70,6e580c709d8dcd7eb7ffb865d46b8688b53d5a8c6ff11892987380cdc63525a1,BSD3,not specified in PosteriorDB data metadata,e6c0dd0ed7e961c5d5bf99d27861983830011e020749d4e2045ed7f4f86c9100
nes1988-nes,firstpass_original,nes1988_nes_density_kernel,5545a1dd07ae297c36edecbcd82aa49097b4c385,260e7acec9bef905cae306ff6defb97e525c116f018aba9c687af154c10c8e70,d1cb5f76e26cd395d55bc04cbf1da71cdf72795a2abfbc4c783ef09ec8b967b7,BSD3,not specified in PosteriorDB data metadata,172e916abbc6663c6aa54d22e9773f3bbfc3f1781ccb05386e142bca8760f421
nes1992-nes,firstpass_original,nes1992_nes_density_kernel,5545a1dd07ae297c36edecbcd82aa49097b4c385,260e7acec9bef905cae306ff6defb97e525c116f018aba9c687af154c10c8e70,0f2061824d5666da8a642172e2fe3e4377bb7fb233d07347a67d5fe38c155761,BSD3,not specified in PosteriorDB data metadata,4b22b16d68938ddd4fc225e3081207d6d98120617673edd51db3214932394311
nes1996-nes,firstpass_original,nutpier_density_kernel_template,5545a1dd07ae297c36edecbcd82aa49097b4c385,260e7acec9bef905cae306ff6defb97e525c116f018aba9c687af154c10c8e70,af0e9c86c9f5c2626d4467b657a0c8b4b93b9409f882952f7a596d5315c9cd7c,BSD3,not specified in PosteriorDB data metadata,26c566ae3d83aab5d766d6c8b235c36611bc55291bc919c822a0a381b84ee4a8
nes2000-nes,firstpass_original,nes2000_nes_density_kernel,5545a1dd07ae297c36edecbcd82aa49097b4c385,260e7acec9bef905cae306ff6defb97e525c116f018aba9c687af154c10c8e70,c3d1e0b39a27c50a0cc3823e03de4855de2d102610274cebccfc91fe3a2e971c,BSD3,not specified in PosteriorDB data metadata,7eae8d2565be16cfd424795761608ecb245603e0c0159f397da4e59b3aa6ed8c
nes_logit_data-nes_logit_model,followup_replacement,nutpier_density_kernel_template,5545a1dd07ae297c36edecbcd82aa49097b4c385,d72a517f816195755bb5e25f743320a0a85d9107c30ce0ae970f9332983bb6a1,4b5a6c741aea38d8f7331c5a38e1808fc94db060241b4aab8a328f5e829259bb,BSD3,not specified in PosteriorDB data metadata,17fe83626d2c2d735e909463df7cfee8e5e8785b2f1c7d48bc4dfd26d3251b6b
radon_all-radon_county_intercept,firstpass_original,radon_all_radon_county_intercept_density_kernel,5545a1dd07ae297c36edecbcd82aa49097b4c385,95b4c2b8aac6fb56de6d170f324e03cc37e8a87279e5ce9e48ce935dcb729a57,0c7b475f76d65a451930efff3e9d16deff49823da5d2a46c6f317bd6c6d14178,BSD3,not specified in PosteriorDB data metadata,9947e918c06ecf4b2b42512c7fe8bba3ba0611d9ca72719781d00d6c57f3a04a
radon_all-radon_hierarchical_intercept_centered,firstpass_original,radon_all_radon_hierarchical_intercept_centered_density_kernel,5545a1dd07ae297c36edecbcd82aa49097b4c385,cab61c2340d2ba66b5f45f8b9a5ddf3bbe8e43ec19583661542f8e2a853dd14b,b3e8fb0add9e69ce533dccdb469f65ab49a99684b22981af7f22268dee7d1a46,BSD3,not specified in PosteriorDB data metadata,9947e918c06ecf4b2b42512c7fe8bba3ba0611d9ca72719781d00d6c57f3a04a
radon_all-radon_hierarchical_intercept_noncentered,firstpass_original,radon_all_radon_hierarchical_intercept_noncentered_density_kernel,5545a1dd07ae297c36edecbcd82aa49097b4c385,d04cab97b0d180cd4889c53986e4a2afa62928d58c54408536f5dfeacd5de806,8859e3f10e2c09a90e7c5addff7afcc04cc02f285b84ef2d88f9a3da0813c0bd,BSD3,not specified in PosteriorDB data metadata,9947e918c06ecf4b2b42512c7fe8bba3ba0611d9ca72719781d00d6c57f3a04a
radon_all-radon_partially_pooled_centered,firstpass_original,radon_all_radon_partially_pooled_centered_density_kernel,5545a1dd07ae297c36edecbcd82aa49097b4c385,7c56bbcfc3e0922edb5874c67eb10bc8b174bef0d4c63e916558e37862fc3a4a,bfcc31973c94932bccea2a5e3497515e9290999d4804d506acafd2dac7bb0b37,BSD3,not specified in PosteriorDB data metadata,9947e918c06ecf4b2b42512c7fe8bba3ba0611d9ca72719781d00d6c57f3a04a
radon_all-radon_partially_pooled_noncentered,firstpass_original,radon_all_radon_partially_pooled_noncentered_density_kernel,5545a1dd07ae297c36edecbcd82aa49097b4c385,21ffc6d64e8599cd6501175103d93e7a287f9553097254fa1ec8d968479fbfd5,e1d73a2e328cd796bf57cb8ff1a083bbfa3f3687c654990befb60a9f26aef8dc,BSD3,not specified in PosteriorDB data metadata,9947e918c06ecf4b2b42512c7fe8bba3ba0611d9ca72719781d00d6c57f3a04a
radon_all-radon_pooled,firstpass_original,nutpier_density_kernel_template,5545a1dd07ae297c36edecbcd82aa49097b4c385,680277f397ca17ab3603fa8acb0042fe547cdedfd19d4bc22aedd40e3ae7d0de,8e1b6aadabf0c70e16c6846fcea11ad7d6ef52c1b2401fa6f735eb94e1d5699c,BSD3,not specified in PosteriorDB data metadata,9947e918c06ecf4b2b42512c7fe8bba3ba0611d9ca72719781d00d6c57f3a04a
radon_all-radon_variable_intercept_centered,firstpass_original,radon_all_radon_variable_intercept_centered_density_kernel,5545a1dd07ae297c36edecbcd82aa49097b4c385,53b33d4b26ec179c1de9ea83082f7fed26224a9869336ed9dce1e2a04c83942f,554dde2723048fa8180f47ffdcc751dbe58a34c907afa5ba8e66b43665ecb917,BSD3,not specified in PosteriorDB data metadata,9947e918c06ecf4b2b42512c7fe8bba3ba0611d9ca72719781d00d6c57f3a04a
radon_all-radon_variable_intercept_noncentered,phase02,nutpier_density_kernel_template,5545a1dd07ae297c36edecbcd82aa49097b4c385,db097f50d6f6158ceff725f520179ae74f2debe1ced50d899cac92787fd62861,e5dfb31e439b7002d39f1a6c0b0698abded5c5b4f8b966d3e22eb75bbbde0f5a,BSD3,not specified in PosteriorDB data metadata,9947e918c06ecf4b2b42512c7fe8bba3ba0611d9ca72719781d00d6c57f3a04a
radon_all-radon_variable_intercept_slope_centered,firstpass_original,radon_all_radon_variable_intercept_slope_centered_density_kernel,5545a1dd07ae297c36edecbcd82aa49097b4c385,b41732368f4f389a6ce0aa1a6d169387521500a23294436b0230595e9a745ae2,0b9b43813f37159a21e88448a6c3e87d02de34ec7d4e2b055eca5a7d3ce32133,BSD3,not specified in PosteriorDB data metadata,9947e918c06ecf4b2b42512c7fe8bba3ba0611d9ca72719781d00d6c57f3a04a
radon_all-radon_variable_intercept_slope_noncentered,firstpass_original,radon_all_radon_variable_intercept_slope_noncentered_density_kernel,5545a1dd07ae297c36edecbcd82aa49097b4c385,b37c4aebfe629591a306bbd630e74528ae9c9c1b23d00726c6633247927f34cb,67a539075415677969b5958a1a8bdf3a33c1023f04a18527bfcbc6bf0a0fec36,BSD3,not specified in PosteriorDB data metadata,9947e918c06ecf4b2b42512c7fe8bba3ba0611d9ca72719781d00d6c57f3a04a
radon_all-radon_variable_slope_centered,firstpass_original,radon_all_radon_variable_slope_centered_density_kernel,5545a1dd07ae297c36edecbcd82aa49097b4c385,67b12c10b03d91e0e487ab7b072bfb2f9a6539bda62db0329e6e8220965506dc,7d3fd8892d00aecb4bebc7e2ab21181edf6e50c79df4ab6a0062ddbc5bf74b23,BSD3,not specified in PosteriorDB data metadata,9947e918c06ecf4b2b42512c7fe8bba3ba0611d9ca72719781d00d6c57f3a04a
radon_all-radon_variable_slope_noncentered,firstpass_original,nutpier_density_kernel_radon_variable_slope_noncentered,5545a1dd07ae297c36edecbcd82aa49097b4c385,df643cc1f652bcd53376378e80a607e1e1622f8eb515f9ca67525b9fd4347891,664fe9ba08d7fa0c9369fb7246007812cf7089088c353b1dcfb4bd5926e5b23a,BSD3,not specified in PosteriorDB data metadata,9947e918c06ecf4b2b42512c7fe8bba3ba0611d9ca72719781d00d6c57f3a04a
radon_mn-radon_county_intercept,firstpass_original,radon_mn_radon_county_intercept_density_kernel,5545a1dd07ae297c36edecbcd82aa49097b4c385,95b4c2b8aac6fb56de6d170f324e03cc37e8a87279e5ce9e48ce935dcb729a57,d26838fa78a86571799e25e007981a219d8d182746a5d67c34075741a145fc9a,BSD3,not specified in PosteriorDB data metadata,085031066872ca984659fd41ecbc5cf2932c46e496dea2e2d530ad8ddde9c1bc
radon_mn-radon_hierarchical_intercept_noncentered,firstpass_original,radon_mn_radon_hierarchical_intercept_noncentered_density_kernel,5545a1dd07ae297c36edecbcd82aa49097b4c385,d04cab97b0d180cd4889c53986e4a2afa62928d58c54408536f5dfeacd5de806,8a4c3588023420b0aacb1fc090721d932362bff6f662b47920e4c2505b3e4807,BSD3,not specified in PosteriorDB data metadata,085031066872ca984659fd41ecbc5cf2932c46e496dea2e2d530ad8ddde9c1bc
radon_mn-radon_partially_pooled_centered,firstpass_original,radon_mn_radon_partially_pooled_centered_density_kernel,5545a1dd07ae297c36edecbcd82aa49097b4c385,7c56bbcfc3e0922edb5874c67eb10bc8b174bef0d4c63e916558e37862fc3a4a,642fb015bb0d25fc25afb7f57da204323b67be94727c5ee2e16ad220f117d89f,BSD3,not specified in PosteriorDB data metadata,085031066872ca984659fd41ecbc5cf2932c46e496dea2e2d530ad8ddde9c1bc
radon_mn-radon_partially_pooled_noncentered,firstpass_original,radon_mn_radon_partially_pooled_noncentered_density_kernel,5545a1dd07ae297c36edecbcd82aa49097b4c385,21ffc6d64e8599cd6501175103d93e7a287f9553097254fa1ec8d968479fbfd5,8b975164f8a64bf8e8b696d71a56e9be8777d4aea2d4a464a75f0c96363a94e0,BSD3,not specified in PosteriorDB data metadata,085031066872ca984659fd41ecbc5cf2932c46e496dea2e2d530ad8ddde9c1bc
radon_mn-radon_pooled,firstpass_original,radon_mn_radon_pooled_density_kernel,5545a1dd07ae297c36edecbcd82aa49097b4c385,680277f397ca17ab3603fa8acb0042fe547cdedfd19d4bc22aedd40e3ae7d0de,60ed61fbb4d7a9b785cced73a71a280416722a8479b4680f350a50907e48acf5,BSD3,not specified in PosteriorDB data metadata,085031066872ca984659fd41ecbc5cf2932c46e496dea2e2d530ad8ddde9c1bc
radon_mn-radon_variable_intercept_centered,firstpass_original,radon_mn_radon_variable_intercept_centered_density_kernel,5545a1dd07ae297c36edecbcd82aa49097b4c385,53b33d4b26ec179c1de9ea83082f7fed26224a9869336ed9dce1e2a04c83942f,53af2630360f48e8788b463594273a5fbde74e873069d70fa3bb57252147e3be,BSD3,not specified in PosteriorDB data metadata,085031066872ca984659fd41ecbc5cf2932c46e496dea2e2d530ad8ddde9c1bc
radon_mn-radon_variable_intercept_noncentered,phase02,radon_mn_radon_variable_intercept_noncentered_density_kernel,5545a1dd07ae297c36edecbcd82aa49097b4c385,db097f50d6f6158ceff725f520179ae74f2debe1ced50d899cac92787fd62861,5a5b5cbb5e063f53e1b22e7a06953a0ea0a1bcf486706ddc36362c028b2be42e,BSD3,not specified in PosteriorDB data metadata,085031066872ca984659fd41ecbc5cf2932c46e496dea2e2d530ad8ddde9c1bc
radon_mn-radon_variable_intercept_slope_noncentered,firstpass_original,radon_density_kernel,5545a1dd07ae297c36edecbcd82aa49097b4c385,b37c4aebfe629591a306bbd630e74528ae9c9c1b23d00726c6633247927f34cb,33388c0ff032a0b95f991622934205f69f47cb345829642748511409499ce391,BSD3,not specified in PosteriorDB data metadata,085031066872ca984659fd41ecbc5cf2932c46e496dea2e2d530ad8ddde9c1bc
radon_mn-radon_variable_slope_noncentered,firstpass_original,radon_density_kernel,5545a1dd07ae297c36edecbcd82aa49097b4c385,df643cc1f652bcd53376378e80a607e1e1622f8eb515f9ca67525b9fd4347891,e139a707181b8e58dd355d4c70243e66c7b7488714de05314385d209ff3e4114,BSD3,not specified in PosteriorDB data metadata,085031066872ca984659fd41ecbc5cf2932c46e496dea2e2d530ad8ddde9c1bc
radon_mod-radon_county,firstpass_original,radon_mod_radon_county_density_kernel,5545a1dd07ae297c36edecbcd82aa49097b4c385,a198eede373add8ab481a34eee83fc23410299b5c5982dd0bcbb738eb21ffd55,3d4aff1b8025bcdb07f9cae7627f7b7a55dd7fb642204c69fd35fc5bf01457fc,BSD3,not specified in PosteriorDB data metadata,750acda8a3cb3f53ae38b1e8c63f7a585a8a8fea1c9e2eebefa818b284339d3c
rats_data-rats_model,followup_replacement,rats_data_rats_model_density_kernel,5545a1dd07ae297c36edecbcd82aa49097b4c385,c01395015d523c02784e538927b7c2b9cf36114d93729bd25a81d566e05eca19,848e679e2152e4bee3297868ce9a059ed1f552afe27c1a9b171436aff5518e53,BSD3,not specified in PosteriorDB data metadata,6f30c8c96b8468be1e3f885efc3064fd8f251d960a3afdfa0afaf6cf23e92885
rstan_downloads-prophet,phase02,rstan_downloads_prophet_density_kernel,5545a1dd07ae297c36edecbcd82aa49097b4c385,e3fcbc4b053e2e8f270ad611eba9fe593146aa24bb01940e91cd4e17450239b5,b55069beb433a8d2ed8dc97c241eda9a98adbc4691e937a07626094855d33013,MIT,not specified in PosteriorDB data metadata,eae80946fbf375e6b0a544de44cee30b45af1b32c6472d20234d6dd7a689472a
sat-hier_2pl,phase02,nutpier_density_kernel_template,5545a1dd07ae297c36edecbcd82aa49097b4c385,86e17a66416ff8ffefa0c2cee1ccf07af46090e2c6177577eb7e4bd0e7cdf636,460cfdbdf0e6485cb1b2c9c8ed2a08210c82831df4945a6a2c3f5ff1ef7bdd84,BSD3,not specified in PosteriorDB data metadata,1e2cd0dce21d3cbd06329e4e68d92bbae1ba34b963807553f5d4639aba024e1a
sblrc-blr,firstpass_original,sblrc_blr_density_kernel,5545a1dd07ae297c36edecbcd82aa49097b4c385,e6407c4391ab11c0b59f17f3a04132df87aa69b7dae459e173036f16f9e8b161,55c30d219d15d8d220cb5edb8c37482d47877bc6f36a33d05a3cf4fd0d15af7b,BSD3,not specified in PosteriorDB data metadata,66e9447a2e0f3ff2972ba0e62f4c4a60ab999b4cdb800ef6a12dd75660a8cefa
sblri-blr,firstpass_original,sblri_blr_density_kernel,5545a1dd07ae297c36edecbcd82aa49097b4c385,e6407c4391ab11c0b59f17f3a04132df87aa69b7dae459e173036f16f9e8b161,c009c13ef783d422e2d1d50760e2394f637e2927553df9054f7eb004d9338200,BSD3,not specified in PosteriorDB data metadata,7894ea1eb2a8fcc54d7d3459c1000d688216a84e133d8fc9a569fc3d15f34995
science_irt-grsm_latent_reg_irt,firstpass_original,science_irt_grsm_latent_reg_irt_density_kernel,5545a1dd07ae297c36edecbcd82aa49097b4c385,88399731bf82063c69f6b0bead80a3fba0966e6d85ade9729fde54e853b459e5,06f3b87d1bfee8f208eb51bd90247d5e5a6a8cd7bec2fef249fc88a1136f2c7d,BSD3,not specified in PosteriorDB data metadata,9ccd983e1c56e649fe557dd90b84a9271605cff0df9c979e1b6e17efe35c2b82
seeds_data-seeds_centered_model,firstpass_original,nutpier_density_kernel_template,5545a1dd07ae297c36edecbcd82aa49097b4c385,37512dcebf0e156a8c186637dbdbfd1fb9fee18bcda2a9c5a47be2d0fc2867eb,ab8c29fc1f59c6564d1a4dac1b5d70b01adedcbe792d311eabf2af1d775d8673,BSD3,not specified in PosteriorDB data metadata,c6b450a1bd1c4c5d3911f61da6b461443654a04d094af1e7e640b23c7ff0abc2
seeds_data-seeds_model,firstpass_original,seeds_density_kernel,5545a1dd07ae297c36edecbcd82aa49097b4c385,11548246c12d4afdbb7455a2a249522bbdf255084041d48408c1ba5daf10ab8d,d46eab9b3e32d94d678d06b3af00e8b1cd0d52029772be26b2dc71fb09a0fa1a,BSD3,not specified in PosteriorDB data metadata,c6b450a1bd1c4c5d3911f61da6b461443654a04d094af1e7e640b23c7ff0abc2
seeds_data-seeds_stanified_model,firstpass_original,nutpier_density_kernel_seeds,5545a1dd07ae297c36edecbcd82aa49097b4c385,a57822f654e024467fb7522ae013de10f0a4ba14797255b8c172c4418e57ecc4,d430fc3711b893a709f29be94a58a0d3a2d4cd7467d65ac9d0070e4021ae04cc,BSD3,not specified in PosteriorDB data metadata,c6b450a1bd1c4c5d3911f61da6b461443654a04d094af1e7e640b23c7ff0abc2
sesame_data-sesame_one_pred_a,firstpass_original,sesame_one_pred_a_density_kernel,5545a1dd07ae297c36edecbcd82aa49097b4c385,8fa82cd7e6c4d1f23db8de2cd0f8a5eb6efedc8369ddccc5e4f3476a61d6fc73,c5444ce50e8014c9555ff5a9d8f7c5267db8f4c562b2be9f35179281d6e862e1,BSD3,not specified in PosteriorDB data metadata,ed086a75fbeab4a1fd0d646b6a1e2c2f1ce5d0b6961ac653c19789698b741b28
state_wide_presidential_votes-hierarchical_gp,phase02,nutpier_density_kernel_template,5545a1dd07ae297c36edecbcd82aa49097b4c385,f97e9de5153301188473b3e0ac922d3891c5de133d0b4172bf40bb0f75b1376e,0cb59f23fe49891a59483addef3369fda6f6cacf71237dcbffe728eb6e035c16,BSD3,not specified in PosteriorDB data metadata,2c1c005acbf8a3deb0e2707e710c95d68920ecc26c8a84b129e18576e51b13d0
three_men1-ldaK2,firstpass_original,nutpier_density_kernel_template,5545a1dd07ae297c36edecbcd82aa49097b4c385,2b943b45446d68148c94c9089ee17f45597eb839e0cd4f94410a817f787327d5,90dad7c2cfd55a774b79119ed484cd06c2da858c7377e2610c72b98d67673ec3,BSD3,not specified in PosteriorDB data metadata,65927c33721cf929d59121d6ea2778ffb05ee201e8cb3268cb32425999ea074c
three_men2-ldaK2,phase02,three_men2_ldaK2_density_kernel,5545a1dd07ae297c36edecbcd82aa49097b4c385,2b943b45446d68148c94c9089ee17f45597eb839e0cd4f94410a817f787327d5,90dad7c2cfd55a774b79119ed484cd06c2da858c7377e2610c72b98d67673ec3,BSD3,not specified in PosteriorDB data metadata,2d64fa3566129f0b81b7f86c0602c213c14d0adc93cd0e6de8a87758a87fe93d
timssAusTwn_irt-gpcm_latent_reg_irt,firstpass_plus_labelled_TIMSS_followup,nutpier_density_kernel_template,5545a1dd07ae297c36edecbcd82aa49097b4c385,b624e19f288c892778eabc80b4afde9f6822ac9622202787950adf4d5ba6d10b,6a477fb0c93d58549e378e266926f21df8a86799349c4be7dc93ad94e2555062,BSD3,not specified in PosteriorDB data metadata,cae19aa4064e66b8a3594c114c03675314b31a38094bdaeb69f7319643ea06e5
traffic_accident_nyc-bym2_offset_only,followup_new,traffic_accident_nyc_bym2_offset_only_density_kernel,5545a1dd07ae297c36edecbcd82aa49097b4c385,0137ba98292c5dfeeb4cefa006a740f6d362fcf87ca02aa7b668b3040147ead1,0e10df3de208c0df6c9a29c57278ce7e2d12d45cc430954f1b3117b2342d9dfe,BSD3,not specified in PosteriorDB data metadata,7eea3a1364e21f550a29a00df658ae241f4c8d542c8e5f4af7f64c4ea3095327
wells_data-wells_daae_c_model,firstpass_original,wells_data_wells_daae_c_model_density_kernel,5545a1dd07ae297c36edecbcd82aa49097b4c385,0791694f69f5c63c9aff64c4b88a857df9d14cbca01594c4de5df290a6553708,9d3c4f467704cadf4ea657e4210228e079099458aac4146d14089332c629ca6d,BSD3,not specified in PosteriorDB data metadata,2b2a6c149682ced0998a59c40065297bed62416b884bc1e6c290d0050d53fe20
wells_data-wells_dae_c_model,firstpass_original,nutpier_density_kernel_template,5545a1dd07ae297c36edecbcd82aa49097b4c385,0284ca32ef2523fb09f5be590e5415de7a40b09d24d068f10c3062a44b0eb331,8e4e869f2251be795cc8fdb1d2e43954cd9b501c837cd52f252c4778e3a24d47,BSD3,not specified in PosteriorDB data metadata,2b2a6c149682ced0998a59c40065297bed62416b884bc1e6c290d0050d53fe20
wells_data-wells_dae_inter_model,followup_replacement,wells_data_wells_dae_inter_model_density_kernel,5545a1dd07ae297c36edecbcd82aa49097b4c385,6c97e5b043c59f7ec82f94148354f157b52185ac73d368d25143732b425e1698,69909bf49671078dcc0a4ad3dbccc37162211e19b4414dd134a63fb49193571a,BSD3,not specified in PosteriorDB data metadata,2b2a6c149682ced0998a59c40065297bed62416b884bc1e6c290d0050d53fe20
wells_data-wells_dae_model,followup_replacement,wells_dae_density_kernel,5545a1dd07ae297c36edecbcd82aa49097b4c385,5c0dc0d1ea6c201de429ad018a7abeeb13593cecb1be0dbf59c4a388a2c5f5e0,00e362bb6dd6a85ea37c6144e510e15ef19a79cf09b79f3edd04ffcf98e16ce2,BSD3,not specified in PosteriorDB data metadata,2b2a6c149682ced0998a59c40065297bed62416b884bc1e6c290d0050d53fe20
wells_data-wells_dist,firstpass_original,wells_data_wells_dist_density_kernel,5545a1dd07ae297c36edecbcd82aa49097b4c385,33d67128b28b9d4b57c4cd1881a0da40a627334d1fe2ea9b07736c451199afef,559158255f9886389c7d7201339dd57f1088279f55c11d54ef0936992c4d0e44,BSD3,not specified in PosteriorDB data metadata,2b2a6c149682ced0998a59c40065297bed62416b884bc1e6c290d0050d53fe20
wells_data-wells_dist100_model,firstpass_original,wells_data_wells_dist100_model_density_kernel,5545a1dd07ae297c36edecbcd82aa49097b4c385,e32bd4a05563e46dd0d678659eb167be2abcc377b080183ae7087a0c7cb518c5,4b37db982620f7a3bf3060fbb3563bafd4c892ea54cfc9391ba387267bb4405b,BSD3,not specified in PosteriorDB data metadata,2b2a6c149682ced0998a59c40065297bed62416b884bc1e6c290d0050d53fe20
wells_data-wells_dist100ars_model,firstpass_original,nutpier_density_kernel_template,5545a1dd07ae297c36edecbcd82aa49097b4c385,3a7b224616882026bd1bb2d34c21ed12b1eed58159df88e3f5c2fe72eeeaccdf,56c4470627a3bda5010bb39fa6c2613a6422063329566fb125b7b4e0e74f890f,BSD3,not specified in PosteriorDB data metadata,2b2a6c149682ced0998a59c40065297bed62416b884bc1e6c290d0050d53fe20
wells_data-wells_interaction_c_model,followup_replacement,wells_data_wells_interaction_c_model_density_kernel,5545a1dd07ae297c36edecbcd82aa49097b4c385,6e288f00a6d9acc05a2eaeb3f298797a3afd36800f8500928aaf3f23a1e6fee0,cf68cf4ffe25e003982b7df88e9106e0fd52b1435772ba2841d3af7498ff9b20,BSD3,not specified in PosteriorDB data metadata,2b2a6c149682ced0998a59c40065297bed62416b884bc1e6c290d0050d53fe20
wells_data-wells_interaction_model,firstpass_original,wells_data_wells_interaction_model_density_kernel,5545a1dd07ae297c36edecbcd82aa49097b4c385,42d51e3a6d1325703f4ec4f8f3b934f7a2d5b1ab8dc8be96e9771d229d92a087,9b3ba9263a9f6104c82747d223717c16cc9bd7ea5ed4d71cf1083d5a134f3279,BSD3,not specified in PosteriorDB data metadata,2b2a6c149682ced0998a59c40065297bed62416b884bc1e6c290d0050d53fe20
